{
  "version": "0.3.0",
  "mode": "fdn",
  "seed": 201,
  "params": {
    "mode": "fdn",
    "length": 90.0,
    "sr": 12000,
    "channels": 2,
    "seed": 201,
    "rt60": 55.0,
    "rt60_low": null,
    "rt60_high": null,
    "damping": 0.4,
    "lowcut": null,
    "highcut": null,
    "tilt": 0.0,
    "normalize": "peak",
    "peak_dbfs": -1.0,
    "target_lufs": null,
    "true_peak": true,
    "er_count": 24,
    "er_max_delay_ms": 90.0,
    "er_decay_shape": "exp",
    "er_stereo_width": 1.0,
    "er_room": 1.0,
    "diffusion": 0.5,
    "mod_depth_ms": 1.5,
    "mod_rate_hz": 0.12,
    "density": 1.0,
    "tuning": "A4=440",
    "modal_count": 48,
    "modal_q_min": 5.0,
    "modal_q_max": 60.0,
    "modal_spread_cents": 5.0,
    "modal_low_hz": 80.0,
    "modal_high_hz": 12000.0,
    "fdn_lines": 8,
    "fdn_matrix": "hadamard",
    "fdn_stereo_inject": 1.0
  },
  "metrics": {
    "duration_seconds": 90.0,
    "peak_dbfs": -0.9999997091320568,
    "rms_dbfs": -32.14505219367712,
    "rt60_estimate_seconds": 81.12251254279795,
    "early_late_ratio_db": -19.983463215246534,
    "stereo_coherence": 0.9999999999999998,
    "decay_curve_db": [
      0.0,
      -1.5404549544393062,
      -3.364553118530911,
      -4.8352262477828685,
      -6.07367172524203,
      -7.248041435135231,
      -8.151927727911023,
      -9.127558016790841,
      -10.062231425025443,
      -10.996311036036452,
      -11.758107310256218,
      -12.595365550875053,
      -13.283395468577774,
      -14.074276909530647,
      -14.886439423715851,
      -15.56206989578654,
      -16.138949109452,
      -16.871884870563477,
      -17.47536063413775,
      -18.121222800178714,
      -18.819255013815948,
      -19.513942998980916,
      -20.22836399539534,
      -20.954444802227723,
      -21.832615731018254,
      -22.896645228962633,
      -23.76407511561624,
      -24.662611756457977,
      -25.57896930688855,
      -26.397887281770895,
      -27.25444609128492,
      -28.0743641813841,
      -28.875457211079286,
      -29.67163997170143,
      -30.504894350558406,
      -31.20919187614114,
      -31.947896309950107,
      -32.639102512365035,
      -33.305416926861405,
      -33.88966459333125,
      -34.4559087319454,
      -35.103876336876226,
      -35.59578814152555,
      -36.07034801819871,
      -36.62836983096424,
      -37.234626456652634,
      -37.96148394290449,
      -38.69452457873001,
      -39.63705666610889,
      -40.72908472587002,
      -41.77335875855981,
      -42.72946455600557,
      -43.673317443376895,
      -44.66262550966341,
      -45.43926074679986,
      -46.23209694531966,
      -46.997077621440496,
      -47.74170391396371,
      -48.39931762200763,
      -49.1078637318828,
      -49.69696771401233,
      -50.34275038806233,
      -50.91848290655206,
      -51.471533998144984,
      -51.95983670278401,
      -52.32796568762591,
      -52.699077326030455,
      -53.15758793404217,
      -53.8012329895271,
      -54.56361284946471,
      -55.10714829125847,
      -55.99635840593953,
      -56.90053034309755,
      -57.914508986672644,
      -58.866126549626145,
      -59.91766924919376,
      -60.81205482324186,
      -61.69964213897498,
      -62.47150613350463,
      -63.199075179195376,
      -63.87342682666144,
      -64.54753721977875,
      -65.18467006007822,
      -65.67023994420032,
      -66.46356818466344,
      -67.0945208504392,
      -67.76698742209052,
      -68.36713354438072,
      -68.94181954833753,
      -69.47697361679705,
      -69.87754638987207,
      -70.40432177777818,
      -70.92401610270001,
      -71.50930461426498,
      -72.26268977333388,
      -73.11359103800878,
      -74.06352880264163,
      -75.117086386518,
      -76.03132888950584,
      -77.08609818276939,
      -77.93382235382114,
      -78.74271645774476,
      -79.64226094095498,
      -80.38778514040126,
      -81.1400599160159,
      -81.69751963552062,
      -82.29586658402327,
      -82.97166669655299,
      -83.5102452277409,
      -84.1257045807812,
      -84.72731679159038,
      -85.25876210923542,
      -85.76966283712224,
      -86.11696789111267,
      -86.59206797950506,
      -87.06467441758973,
      -87.65474776730308,
      -88.26911101935322,
      -89.07372141153608,
      -90.00700437626753,
      -90.97546376805784,
      -92.01841315519404,
      -93.09313756107423,
      -94.0601659273049,
      -95.03640138143797,
      -95.81820623314947,
      -96.56308162763067,
      -97.27250474120464,
      -97.91045460976795,
      -98.52726326703302,
      -98.98542862489921,
      -99.60011658902438,
      -100.15436351978923,
      -100.75878805439999,
      -101.32270187319995,
      -101.65598885541606,
      -102.24734062481774,
      -102.67440811389972,
      -103.21480348160975,
      -103.72313910083456,
      -104.34163147663571,
      -105.07090111636317,
      -106.01676251184534,
      -106.97433736706849,
      -107.85017189402711,
      -108.88500076228183,
      -109.8733796028104,
      -110.96147126349982,
      -111.86124493826219,
      -112.62393359178455,
      -113.38759656153762,
      -114.05079491546172,
      -114.60895571504676,
      -115.2720187945659,
      -115.80759886753933,
      -116.38431025622297,
      -116.9340428630741,
      -117.57706297332831,
      -118.03983601533245,
      -118.63663557399764,
      -119.01286826539254,
      -119.43330512120798,
      -119.93442264553828,
      -120.4843842227032,
      -121.15990758944412,
      -121.87751478255244,
      -122.7954909746754,
      -123.81755202329504,
      -124.76993941679382,
      -125.71578891835406,
      -126.75773054792131,
      -127.61740320578997,
      -128.48559397821612,
      -129.3835518253093,
      -130.12705365454158,
      -130.72193638731198,
      -131.32369820944373,
      -131.7519453576516,
      -132.31645108291292,
      -132.91689844672104,
      -133.43418784461457,
      -134.04783999096946,
      -134.51925197030727,
      -134.9612558246459,
      -135.34763575897503,
      -135.8622669160967,
      -136.4373938842457,
      -137.11380800748498,
      -137.69792717433495,
      -138.5694382481002,
      -139.522299514344,
      -140.479226595959,
      -141.43872303753403,
      -142.45796587751107,
      -143.37197781283268,
      -144.17776199729167,
      -144.96229366100283,
      -145.60532186252496,
      -146.20614624476843,
      -146.6643970734056,
      -147.12978413545858,
      -147.48666744242186,
      -147.93055417091873,
      -148.35184790262676,
      -148.73024997866975,
      -149.15832584292758,
      -149.53516689076534,
      -149.9113359825646,
      -150.31708801675398,
      -150.63731419846658,
      -151.06261451323599,
      -151.4412348211621,
      -151.91865427275363,
      -152.45850551664117,
      -153.01244383773673,
      -153.54402785097773,
      -154.03824943547647,
      -154.51037385963042,
      -154.88526826393354,
      -155.1879843516728,
      -155.48789090607448,
      -155.71844163568952,
      -155.95368300034596,
      -156.13818475199415,
      -156.3278212407121,
      -156.54074911349716,
      -156.73919748209184,
      -156.94126016332174,
      -157.14110871262722,
      -157.3390405033116,
      -157.53921214714217,
      -157.7298458933314,
      -157.9354602690232,
      -158.16066655137516,
      -158.38720720716066,
      -158.63645388527493,
      -158.89956847578145,
      -159.16958097239163,
      -159.4479344534245,
      -159.73978582018384,
      -160.04568630426172,
      -160.3679894851571,
      -160.70351604072357,
      -161.06272556501676,
      -161.44882705804503,
      -161.8705188687128,
      -162.3314419488501,
      -162.84717425757637,
      -163.42848921763624,
      -164.10074007087277,
      -164.89692772136925,
      -165.86913000733279,
      -167.12375734701521,
      -168.88552599278034,
      -171.89397284352683,
      -208.18918502603032
    ]
  }
}