{
  "version": "0.3.0",
  "mode": "hybrid",
  "seed": 200,
  "params": {
    "mode": "hybrid",
    "length": 60.0,
    "sr": 12000,
    "channels": 2,
    "seed": 200,
    "rt60": 40.0,
    "rt60_low": null,
    "rt60_high": null,
    "damping": 0.35,
    "lowcut": null,
    "highcut": null,
    "tilt": 0.0,
    "normalize": "peak",
    "peak_dbfs": -1.0,
    "target_lufs": null,
    "true_peak": true,
    "er_count": 24,
    "er_max_delay_ms": 90.0,
    "er_decay_shape": "exp",
    "er_stereo_width": 1.0,
    "er_room": 1.0,
    "diffusion": 0.5,
    "mod_depth_ms": 1.5,
    "mod_rate_hz": 0.12,
    "density": 1.0,
    "tuning": "A4=440",
    "modal_count": 48,
    "modal_q_min": 5.0,
    "modal_q_max": 60.0,
    "modal_spread_cents": 5.0,
    "modal_low_hz": 80.0,
    "modal_high_hz": 12000.0,
    "fdn_lines": 8,
    "fdn_matrix": "hadamard",
    "fdn_stereo_inject": 1.0
  },
  "metrics": {
    "duration_seconds": 60.0,
    "peak_dbfs": -0.9999997091320568,
    "rms_dbfs": -32.47532299765691,
    "rt60_estimate_seconds": 120.07963585249648,
    "early_late_ratio_db": -14.537630516406733,
    "stereo_coherence": 0.005067108186088854,
    "decay_curve_db": [
      0.0,
      -0.38216852338912144,
      -0.728209108296885,
      -1.0860422438498494,
      -1.4285769056150464,
      -1.7989850060994246,
      -2.1458328241865474,
      -2.4991055885486735,
      -2.8643486382067493,
      -3.201719261976111,
      -3.597082778177823,
      -3.9478770238002077,
      -4.279801792651269,
      -4.624048753936709,
      -4.97985796348838,
      -5.357746624516504,
      -5.702887690384636,
      -6.075055047570269,
      -6.421513526069641,
      -6.763450360026903,
      -7.109896119152169,
      -7.4674625362792835,
      -7.833416859414703,
      -8.153663455081087,
      -8.482326564720953,
      -8.84558420118555,
      -9.20634624465981,
      -9.558749776319228,
      -9.888668986828895,
      -10.255599512536989,
      -10.586102146550617,
      -10.91798350348335,
      -11.266003427728018,
      -11.631980187588749,
      -11.973096670533902,
      -12.315939659628599,
      -12.678038442274502,
      -13.031113695812891,
      -13.416302026897664,
      -13.782339897104235,
      -14.173026274848139,
      -14.532632031355677,
      -14.888989592734001,
      -15.237020908728427,
      -15.584223638444943,
      -15.926359304380215,
      -16.276406434136355,
      -16.631364822341553,
      -16.97957379935545,
      -17.316768349297227,
      -17.70135445180096,
      -18.067678681055327,
      -18.40000204515266,
      -18.75399422461437,
      -19.080840171070992,
      -19.417295395320096,
      -19.77615362708319,
      -20.134539907267175,
      -20.50301016798898,
      -20.847766133527994,
      -21.202493217033588,
      -21.569576871304466,
      -21.900877731024174,
      -22.26301810021567,
      -22.610746407028273,
      -22.97665031240115,
      -23.317889460021547,
      -23.64952918657331,
      -23.986319214490486,
      -24.347130606326076,
      -24.7138469742139,
      -25.060259479876695,
      -25.415514118774986,
      -25.79070531051453,
      -26.14900148098223,
      -26.494130418923522,
      -26.85219349465417,
      -27.207317894773535,
      -27.60006516700153,
      -27.95090337571789,
      -28.298877406137354,
      -28.634486265845446,
      -28.99800091337605,
      -29.34719074922122,
      -29.696106266064426,
      -30.057252333400484,
      -30.381271410222016,
      -30.735672627483453,
      -31.073613936589567,
      -31.408825820239592,
      -31.752642195824457,
      -32.09492522162049,
      -32.46662763042763,
      -32.827250725996684,
      -33.167435774792736,
      -33.51967806378616,
      -33.86476426659322,
      -34.231440859084174,
      -34.587056133781026,
      -34.93405524531505,
      -35.267417605765566,
      -35.62391399472069,
      -35.97800113816227,
      -36.358380599726885,
      -36.74186722621077,
      -37.098404059916376,
      -37.45487560171496,
      -37.819223089423794,
      -38.14962316157783,
      -38.49186232777551,
      -38.82564277765871,
      -39.1633862795636,
      -39.52060579043267,
      -39.852767127450285,
      -40.224433644154715,
      -40.57931660387757,
      -40.918670996352404,
      -41.27793950017355,
      -41.64890780138726,
      -42.00144330619138,
      -42.329852553484734,
      -42.661046403787054,
      -42.99265756935793,
      -43.358899755019316,
      -43.71698701280878,
      -44.06306531433269,
      -44.42094909150696,
      -44.771768535564014,
      -45.11910634641257,
      -45.43591113326646,
      -45.78999813682632,
      -46.19083426116417,
      -46.51575035326612,
      -46.885113942875485,
      -47.22146436166398,
      -47.587941570075884,
      -47.906744043117364,
      -48.26129390641147,
      -48.61228997920143,
      -48.98124270763644,
      -49.34057206137551,
      -49.695920643587144,
      -50.045065902973384,
      -50.426109709656345,
      -50.779004101307805,
      -51.106937040371804,
      -51.43893002874984,
      -51.80535966214923,
      -52.15417067550223,
      -52.53129588107667,
      -52.8654389590603,
      -53.23477627218206,
      -53.58758507650407,
      -53.95889691066482,
      -54.31469822495711,
      -54.65821936548488,
      -54.971547504160924,
      -55.33843122804839,
      -55.68209596430607,
      -56.00691885469882,
      -56.35594985126054,
      -56.71029581420357,
      -57.06205381187325,
      -57.43795680316215,
      -57.79915875628571,
      -58.131691026061425,
      -58.477108453230855,
      -58.828203257587994,
      -59.18115749122035,
      -59.50896168893408,
      -59.888799832261256,
      -60.24526635541267,
      -60.634474162502755,
      -60.99395635580636,
      -61.3450383830518,
      -61.73699884425922,
      -62.06765027394383,
      -62.396227435715616,
      -62.7400146760248,
      -63.073796970038586,
      -63.40826754678303,
      -63.74359576375055,
      -64.09968927039509,
      -64.44219169521608,
      -64.8072640008575,
      -65.11856325229647,
      -65.47886925173647,
      -65.82305029327708,
      -66.15785555997724,
      -66.50462516802921,
      -66.87188647552337,
      -67.19984239742685,
      -67.5536271926767,
      -67.91709957556266,
      -68.29565625321145,
      -68.65530258604677,
      -68.9960490631112,
      -69.33545332931195,
      -69.7126418129605,
      -70.06202572449168,
      -70.43509767679065,
      -70.78904716157999,
      -71.10452146470786,
      -71.46965203991019,
      -71.83319247557424,
      -72.16809074829033,
      -72.51091259886314,
      -72.85893976580132,
      -73.20893879406344,
      -73.5923455850388,
      -73.92365796094302,
      -74.26754270053408,
      -74.62420141244942,
      -74.99590133298318,
      -75.34130035761669,
      -75.69568106607392,
      -76.0511336161957,
      -76.41263739361011,
      -76.78307407419582,
      -77.16516756789525,
      -77.53628202164263,
      -77.88102226147072,
      -78.24949321808484,
      -78.59825166668982,
      -78.97598080924071,
      -79.3540778128188,
      -79.71635098322747,
      -80.07344736972055,
      -80.48880924313393,
      -80.88469092323189,
      -81.30504433449859,
      -81.72845728308835,
      -82.10224946943259,
      -82.50653405711076,
      -82.96322378733458,
      -83.40838696847021,
      -83.82329534815328,
      -84.2898922759688,
      -84.72617121206227,
      -85.20751015189802,
      -85.68025464243237,
      -86.20088188953684,
      -86.71780593093288,
      -87.25558988254379,
      -87.85425796405417,
      -88.44837803939234,
      -89.11647156600849,
      -89.734820300382,
      -90.57286043049912,
      -91.44607492715514,
      -92.38870108772608,
      -93.58407467508813,
      -95.00406138837016,
      -96.85202324110455,
      -100.00135341695595,
      -141.89814682614508
    ]
  }
}