{
  "version": "0.3.0",
  "mode": "hybrid",
  "seed": 204,
  "params": {
    "mode": "hybrid",
    "length": 240.0,
    "sr": 12000,
    "channels": 2,
    "seed": 204,
    "rt60": 110.0,
    "rt60_low": null,
    "rt60_high": null,
    "damping": 0.5,
    "lowcut": null,
    "highcut": null,
    "tilt": 0.0,
    "normalize": "peak",
    "peak_dbfs": -1.0,
    "target_lufs": null,
    "true_peak": true,
    "er_count": 24,
    "er_max_delay_ms": 90.0,
    "er_decay_shape": "exp",
    "er_stereo_width": 1.0,
    "er_room": 1.0,
    "diffusion": 0.7,
    "mod_depth_ms": 1.5,
    "mod_rate_hz": 0.12,
    "density": 1.2,
    "tuning": "A4=440",
    "modal_count": 48,
    "modal_q_min": 5.0,
    "modal_q_max": 60.0,
    "modal_spread_cents": 5.0,
    "modal_low_hz": 80.0,
    "modal_high_hz": 12000.0,
    "fdn_lines": 8,
    "fdn_matrix": "hadamard",
    "fdn_stereo_inject": 1.0
  },
  "metrics": {
    "duration_seconds": 240.0,
    "peak_dbfs": -1.0000002900227403,
    "rms_dbfs": -34.73620244317843,
    "rt60_estimate_seconds": 329.37479374130317,
    "early_late_ratio_db": -18.371960969615195,
    "stereo_coherence": 0.003958151874645307,
    "decay_curve_db": [
      0.0,
      -0.530361585611459,
      -1.061200902663191,
      -1.567233916066734,
      -2.0820245828304924,
      -2.600361375859808,
      -3.1023249924221625,
      -3.6224732313064276,
      -4.145930508110814,
      -4.6474425632288705,
      -5.143556965859936,
      -5.6411791189976315,
      -6.168676659257778,
      -6.648754780286845,
      -7.171439779947164,
      -7.672964753770291,
      -8.190508520431031,
      -8.711288934503573,
      -9.229122150269891,
      -9.7636978646346,
      -10.305135411699563,
      -10.830569922384425,
      -11.34384716622639,
      -11.840251805926972,
      -12.35675712985235,
      -12.872520922352663,
      -13.384926925053888,
      -13.900664724440055,
      -14.402652954879231,
      -14.932284896663523,
      -15.44996110051758,
      -15.965005322742096,
      -16.464216135153798,
      -16.99838065178595,
      -17.508755936064084,
      -18.035862627886623,
      -18.556058431453007,
      -19.079004047786853,
      -19.579755158828313,
      -20.094566369823042,
      -20.62205752028173,
      -21.137161126631668,
      -21.661759012453146,
      -22.146799371916206,
      -22.667681210700653,
      -23.171449479828787,
      -23.678677854549033,
      -24.188213952430996,
      -24.692267512479088,
      -25.206440036752255,
      -25.728375161548847,
      -26.231323039390432,
      -26.704483635257432,
      -27.2543753881045,
      -27.75435087385306,
      -28.285795021955806,
      -28.818285245931932,
      -29.312619319518728,
      -29.864576206037142,
      -30.36224257354307,
      -30.841293793749923,
      -31.347924097201158,
      -31.86876497660816,
      -32.394643076894276,
      -32.91167493483953,
      -33.43704085052612,
      -33.946824072938114,
      -34.42956354636177,
      -34.96942152488788,
      -35.473697512500976,
      -35.97755373206722,
      -36.48609934767533,
      -36.98955386855363,
      -37.52779569226985,
      -38.03909339111391,
      -38.559253968589125,
      -39.08755410602077,
      -39.58999268339888,
      -40.110864261681094,
      -40.609681360758394,
      -41.12034313608664,
      -41.64299163638237,
      -42.156332893267944,
      -42.657238231585055,
      -43.16752871525065,
      -43.657548540216396,
      -44.16852221470577,
      -44.65253912787005,
      -45.1433429980981,
      -45.661015631636126,
      -46.16216972769375,
      -46.69479940712915,
      -47.18674506347908,
      -47.696589859794,
      -48.22810073839325,
      -48.74294847571035,
      -49.24400456767956,
      -49.72390057856812,
      -50.230016785467654,
      -50.707489351990006,
      -51.253629364721505,
      -51.74157576849312,
      -52.24371679724464,
      -52.775596695830096,
      -53.25369089187643,
      -53.771227740784255,
      -54.29890654844457,
      -54.82256179498208,
      -55.298543143076685,
      -55.81630873306594,
      -56.32630699213298,
      -56.85996415070777,
      -57.36229086760058,
      -57.866696707278386,
      -58.39907302689679,
      -58.90134099516362,
      -59.420588576036835,
      -59.929241090999206,
      -60.4530262291967,
      -60.98135901177511,
      -61.50802214275395,
      -62.011896080443385,
      -62.491412544732185,
      -63.01174338868141,
      -63.53800405062241,
      -64.0497571872699,
      -64.56913627720228,
      -65.04681356438996,
      -65.53599276741414,
      -66.01694085056258,
      -66.51865004429118,
      -67.03235068122234,
      -67.50133846567367,
      -68.00761538058103,
      -68.50774720522152,
      -68.99621592118352,
      -69.50853055288802,
      -70.02155560189696,
      -70.53494251123753,
      -71.0222870230735,
      -71.55020150897786,
      -72.08983668842922,
      -72.60046045382877,
      -73.08476053264667,
      -73.59372583725344,
      -74.09360837187334,
      -74.5990865971719,
      -75.07589705254652,
      -75.6100273622082,
      -76.11126775655832,
      -76.61519412372225,
      -77.09848928599287,
      -77.5913715125168,
      -78.06059469156561,
      -78.60555633264508,
      -79.09432531505249,
      -79.58160805313818,
      -80.07168259566652,
      -80.585251663858,
      -81.08005880318504,
      -81.56474209536361,
      -82.06795050939758,
      -82.54716479647138,
      -83.0407939056365,
      -83.5496830943861,
      -84.02843594702773,
      -84.50360236340772,
      -84.97166413049808,
      -85.4701675702203,
      -85.93166897513235,
      -86.42059298905014,
      -86.89153648922215,
      -87.36934802164961,
      -87.83823750974906,
      -88.31525622590789,
      -88.81095236664493,
      -89.32576195828528,
      -89.81298708224239,
      -90.3173185660525,
      -90.80008664918168,
      -91.26510268095181,
      -91.76315951608083,
      -92.24976523049028,
      -92.71584823791186,
      -93.20907423249075,
      -93.68470942913454,
      -94.14156304956292,
      -94.61106836264631,
      -95.0923713789185,
      -95.57088013470292,
      -96.02803593165733,
      -96.52759081697769,
      -97.01160222730653,
      -97.48524363627715,
      -97.94199826130372,
      -98.41847820565876,
      -98.88807965677195,
      -99.34706690492747,
      -99.82096450798088,
      -100.28210550881181,
      -100.75517753821006,
      -101.19453236821265,
      -101.67233404829433,
      -102.13717410010064,
      -102.60276891913536,
      -103.05671372493471,
      -103.48151306259025,
      -103.91858393494189,
      -104.38839892493601,
      -104.83659338262873,
      -105.2907985145323,
      -105.73521683586375,
      -106.18837620596749,
      -106.64009711137822,
      -107.1080397398483,
      -107.55719665282099,
      -108.00948642067327,
      -108.48019505611576,
      -108.91727834605034,
      -109.36950540729605,
      -109.80788583508863,
      -110.25675614159593,
      -110.719605343633,
      -111.17395468134006,
      -111.63610729566216,
      -112.10639687161374,
      -112.55327404400896,
      -113.0129561987836,
      -113.46836775051966,
      -113.92991385241933,
      -114.3977466951022,
      -114.88370512223949,
      -115.36762819464046,
      -115.84216387073226,
      -116.31600854531946,
      -116.7974869053547,
      -117.30038874772137,
      -117.80996709029559,
      -118.32525532172986,
      -118.85298331420714,
      -119.41442778141618,
      -119.97998573528227,
      -120.54774262701213,
      -121.15142059202908,
      -121.77858161626756,
      -122.40311101911226,
      -123.09057780506583,
      -123.84992885958044,
      -124.65171767011812,
      -125.52745548362252,
      -126.55186173939471,
      -127.74252559047886,
      -129.2129443889767,
      -131.13019406351182,
      -134.3619503085077,
      -174.53162982429856
    ]
  }
}