{
  "version": "0.3.0",
  "mode": "modal",
  "seed": 205,
  "params": {
    "mode": "modal",
    "length": 360.0,
    "sr": 12000,
    "channels": 2,
    "seed": 205,
    "rt60": 135.0,
    "rt60_low": null,
    "rt60_high": null,
    "damping": 0.4,
    "lowcut": null,
    "highcut": null,
    "tilt": 0.0,
    "normalize": "peak",
    "peak_dbfs": -1.0,
    "target_lufs": null,
    "true_peak": true,
    "er_count": 24,
    "er_max_delay_ms": 90.0,
    "er_decay_shape": "exp",
    "er_stereo_width": 1.0,
    "er_room": 1.0,
    "diffusion": 0.5,
    "mod_depth_ms": 1.5,
    "mod_rate_hz": 0.12,
    "density": 1.0,
    "tuning": "A4=440",
    "modal_count": 72,
    "modal_q_min": 5.0,
    "modal_q_max": 90.0,
    "modal_spread_cents": 5.0,
    "modal_low_hz": 80.0,
    "modal_high_hz": 12000.0,
    "fdn_lines": 8,
    "fdn_matrix": "hadamard",
    "fdn_stereo_inject": 1.0
  },
  "metrics": {
    "duration_seconds": 360.0,
    "peak_dbfs": -0.9999997091320568,
    "rms_dbfs": -48.01220993226507,
    "rt60_estimate_seconds": 559.1771442984908,
    "early_late_ratio_db": 2.4273931789542895,
    "stereo_coherence": 0.5145156123287907,
    "decay_curve_db": [
      0.0,
      -5.9155740737005535,
      -6.368043464854264,
      -6.828531518177135,
      -7.2859170343886746,
      -7.740122845411797,
      -8.188584777803348,
      -8.637814505125386,
      -9.087327750758721,
      -9.540589014099343,
      -9.986274035521326,
      -10.431067350613294,
      -10.892187397903923,
      -11.347367487468896,
      -11.812239838223224,
      -12.265514221878329,
      -12.721964148575289,
      -13.177103794072051,
      -13.628693337936983,
      -14.08463350572427,
      -14.53117748520616,
      -14.989918201618963,
      -15.438520354785958,
      -15.890653352865378,
      -16.340954979523584,
      -16.79656703399945,
      -17.240668869508042,
      -17.691811354006827,
      -18.152876496670206,
      -18.61870709316497,
      -19.071453273895077,
      -19.52435374811866,
      -19.974095685014746,
      -20.42435607925495,
      -20.88118337602687,
      -21.349681390961457,
      -21.804977286485098,
      -22.25636995401961,
      -22.705466005277533,
      -23.1638580729587,
      -23.613018495969374,
      -24.06550191998441,
      -24.525119850503984,
      -24.977553110454274,
      -25.442898024531345,
      -25.895814687006254,
      -26.349896306708875,
      -26.803381688008162,
      -27.2625604733541,
      -27.726044754954597,
      -28.181959226474113,
      -28.638143840876424,
      -29.087598901260133,
      -29.5458165824229,
      -30.00121080859779,
      -30.446575846134323,
      -30.903067261229737,
      -31.356757314882778,
      -31.808754509553452,
      -32.26625887016559,
      -32.718088086667116,
      -33.17407838296957,
      -33.62332162015549,
      -34.07078452431798,
      -34.53183090544012,
      -34.99434946911804,
      -35.43809338759193,
      -35.89101939088984,
      -36.35193229415014,
      -36.79912679022965,
      -37.25085670678507,
      -37.70450438465884,
      -38.15627127186283,
      -38.616128285974256,
      -39.07468616207007,
      -39.51900480067832,
      -39.96830534581149,
      -40.41887192925719,
      -40.872546094619004,
      -41.32593449360791,
      -41.772073410235606,
      -42.23589453511785,
      -42.69174301542214,
      -43.144418883968186,
      -43.60029765852718,
      -44.05238576982143,
      -44.503852271364394,
      -44.95890011413316,
      -45.402664224913956,
      -45.85843309783574,
      -46.31536889046602,
      -46.76827078524595,
      -47.23341515068398,
      -47.684563217801006,
      -48.14384960793809,
      -48.59322764026692,
      -49.047488241441684,
      -49.50113749066425,
      -49.956897223208976,
      -50.41853980537957,
      -50.87127683736376,
      -51.329995853963055,
      -51.780429081524694,
      -52.239178329091175,
      -52.68737785107584,
      -53.14043633588791,
      -53.59361863162729,
      -54.04957804408498,
      -54.50429240974465,
      -54.96607563390658,
      -55.422577777167064,
      -55.8678069300775,
      -56.32387058008752,
      -56.78258344305096,
      -57.229622977226015,
      -57.682111321350995,
      -58.13717245191163,
      -58.59180171531668,
      -59.042641305010534,
      -59.49663064845868,
      -59.95335100688017,
      -60.41214853722137,
      -60.87850049971963,
      -61.337798633814,
      -61.793109030393225,
      -62.2503370019767,
      -62.715554667529446,
      -63.17095101972743,
      -63.62350194420681,
      -64.07981671240651,
      -64.53309064694581,
      -64.98256441341225,
      -65.43601389968674,
      -65.88642319169465,
      -66.3397519640161,
      -66.78623809906428,
      -67.24546473093372,
      -67.69347816832462,
      -68.14400075306425,
      -68.58979760811786,
      -69.05222247866148,
      -69.50254117745894,
      -69.95935178826029,
      -70.41343477481982,
      -70.85829731409517,
      -71.31319338568191,
      -71.77312258727441,
      -72.21726075048647,
      -72.66780764514269,
      -73.13861794586366,
      -73.58932667883788,
      -74.04177308530424,
      -74.49469236777931,
      -74.93985175216383,
      -75.39213344759582,
      -75.84472688325795,
      -76.30182696069394,
      -76.75027962438647,
      -77.21032896652326,
      -77.66146655844472,
      -78.11513454261356,
      -78.56974740339552,
      -79.02285601982649,
      -79.48355748747618,
      -79.93679168843113,
      -80.40022190667773,
      -80.85898137065499,
      -81.3012833652102,
      -81.76025760978288,
      -82.21800166762196,
      -82.67954090608245,
      -83.13662514966317,
      -83.59056910249585,
      -84.04511656505632,
      -84.49340954844976,
      -84.94468310971945,
      -85.3950477683781,
      -85.85049973273867,
      -86.30709314712227,
      -86.76485961346935,
      -87.2134864322564,
      -87.67490412537656,
      -88.13085016255862,
      -88.59863804578308,
      -89.0476193419002,
      -89.49869854752124,
      -89.95224957507126,
      -90.41724040471962,
      -90.87806242332076,
      -91.3313374830391,
      -91.78441271787351,
      -92.23855719964688,
      -92.67867739212332,
      -93.13572524221908,
      -93.59721690766507,
      -94.04992299170502,
      -94.5030734620513,
      -94.96420905664456,
      -95.42226271573057,
      -95.87496506746041,
      -96.32581243470557,
      -96.78067356611977,
      -97.23757366378182,
      -97.69129289084951,
      -98.14739491697728,
      -98.59847040242683,
      -99.0476424802647,
      -99.50240997012014,
      -99.95990898949394,
      -100.42483042213648,
      -100.89271330369426,
      -101.35248977538139,
      -101.80097533264417,
      -102.2616036109088,
      -102.72303480882373,
      -103.18197813610482,
      -103.64656938172234,
      -104.1067267198032,
      -104.5644657781081,
      -105.03690996595758,
      -105.50685623391095,
      -105.96754583583844,
      -106.43543872654179,
      -106.90290716068543,
      -107.37531401507105,
      -107.83967254962536,
      -108.31142066911235,
      -108.79248461575641,
      -109.26727019451933,
      -109.7468048532911,
      -110.23582541927624,
      -110.73251682242008,
      -111.22130163433981,
      -111.7263470443761,
      -112.23605476762043,
      -112.74940302133535,
      -113.27214655347899,
      -113.81356240589233,
      -114.35880949164346,
      -114.91067282321765,
      -115.4713727758506,
      -116.05005081579783,
      -116.6437757806476,
      -117.25938046104552,
      -117.89861885017288,
      -118.57912823459057,
      -119.30514167856211,
      -120.08848894316479,
      -120.9400329731625,
      -121.85904877520406,
      -122.8833263309501,
      -124.11997428450151,
      -125.65719621348451,
      -127.62172110332357,
      -130.85637429782892,
      -172.5702942462264
    ]
  }
}