{
  "version": "0.3.0",
  "mode": "modal",
  "seed": 203,
  "params": {
    "mode": "modal",
    "length": 180.0,
    "sr": 12000,
    "channels": 2,
    "seed": 203,
    "rt60": 85.0,
    "rt60_low": null,
    "rt60_high": null,
    "damping": 0.4,
    "lowcut": null,
    "highcut": null,
    "tilt": 0.0,
    "normalize": "peak",
    "peak_dbfs": -1.0,
    "target_lufs": null,
    "true_peak": true,
    "er_count": 24,
    "er_max_delay_ms": 90.0,
    "er_decay_shape": "exp",
    "er_stereo_width": 1.0,
    "er_room": 1.0,
    "diffusion": 0.5,
    "mod_depth_ms": 1.5,
    "mod_rate_hz": 0.12,
    "density": 1.0,
    "tuning": "A4=432",
    "modal_count": 64,
    "modal_q_min": 5.0,
    "modal_q_max": 60.0,
    "modal_spread_cents": 5.0,
    "modal_low_hz": 80.0,
    "modal_high_hz": 12000.0,
    "fdn_lines": 8,
    "fdn_matrix": "hadamard",
    "fdn_stereo_inject": 1.0
  },
  "metrics": {
    "duration_seconds": 180.0,
    "peak_dbfs": -1.0000002900227403,
    "rms_dbfs": -45.93743798057406,
    "rt60_estimate_seconds": 352.3597516954876,
    "early_late_ratio_db": -0.08059816280012408,
    "stereo_coherence": 0.28702307305828956,
    "decay_curve_db": [
      0.0,
      -3.9114570705731904,
      -4.26168028512929,
      -4.622386720490818,
      -4.983115084921774,
      -5.343516523835006,
      -5.694634170516993,
      -6.044812444560028,
      -6.414165244980832,
      -6.77458655798713,
      -7.142361020424207,
      -7.507111914889672,
      -7.864127809957846,
      -8.233555369660747,
      -8.586374181247562,
      -8.94193480407101,
      -9.308953367311439,
      -9.661905196643234,
      -10.033378350492724,
      -10.390716294211721,
      -10.747826237584873,
      -11.111478725985444,
      -11.468358406153591,
      -11.820612427127681,
      -12.168443578719888,
      -12.53761865679001,
      -12.899223120716423,
      -13.265782442140582,
      -13.613437803158241,
      -13.985216376971213,
      -14.340316130616571,
      -14.706346335215173,
      -15.06287873789455,
      -15.431840959251375,
      -15.801287903980864,
      -16.159598080764972,
      -16.522262828334796,
      -16.885808850299615,
      -17.260683246033622,
      -17.613378653958257,
      -17.977769530554617,
      -18.328927511119467,
      -18.686900750231842,
      -19.047577582124962,
      -19.411096530296643,
      -19.774402817451747,
      -20.151368283960114,
      -20.510176377745527,
      -20.866380595172277,
      -21.212336353287835,
      -21.565482602343337,
      -21.922961613514175,
      -22.290812812794442,
      -22.649019191810204,
      -22.998321604213942,
      -23.37146157568629,
      -23.732953035291253,
      -24.08751479168643,
      -24.446740451808175,
      -24.802923165722337,
      -25.161734772840205,
      -25.521244842961668,
      -25.88200077333709,
      -26.242068995073854,
      -26.6028140292345,
      -26.96440292971314,
      -27.318559790720663,
      -27.695951885365595,
      -28.060129445466014,
      -28.416886245222198,
      -28.773382903563967,
      -29.140382124701002,
      -29.496028587652752,
      -29.85754850034037,
      -30.213737552015445,
      -30.568517486349045,
      -30.93069988946319,
      -31.289901631341305,
      -31.652384312121193,
      -32.0181912116626,
      -32.376475599929755,
      -32.74271901414677,
      -33.112902367488374,
      -33.47156222900847,
      -33.82973478954285,
      -34.19471461906612,
      -34.55804258849043,
      -34.923377920366434,
      -35.29424841241657,
      -35.671326827277625,
      -36.01799621414735,
      -36.373834889898234,
      -36.72069285222695,
      -37.078288354608276,
      -37.44306743403432,
      -37.79808350910446,
      -38.16355084538705,
      -38.52178201716332,
      -38.894178260702425,
      -39.25985501664519,
      -39.61723255879028,
      -39.97512706753685,
      -40.339315564697216,
      -40.70587857910371,
      -41.066408254968195,
      -41.416084735651424,
      -41.780055122934215,
      -42.14889699059424,
      -42.51438556238898,
      -42.881345849546705,
      -43.24199208570743,
      -43.59846802657301,
      -43.950379793100645,
      -44.313066672377644,
      -44.679052766906324,
      -45.038941600007696,
      -45.40061745110155,
      -45.76760561581081,
      -46.134276791786874,
      -46.486585150507985,
      -46.84578503182149,
      -47.20054145384366,
      -47.54538588611113,
      -47.91390579053978,
      -48.26432141989248,
      -48.61413004010714,
      -48.98392815469059,
      -49.351128074090774,
      -49.71032580869486,
      -50.061735559682916,
      -50.428815572685664,
      -50.795697006017576,
      -51.156272054794044,
      -51.525321401546904,
      -51.892798054921904,
      -52.252935561459,
      -52.615042136759826,
      -52.981168575274864,
      -53.33495556081277,
      -53.693902028538446,
      -54.042530204672794,
      -54.399954545074465,
      -54.753637789285804,
      -55.11405303187574,
      -55.470202520685454,
      -55.83316211549099,
      -56.19463810720812,
      -56.55883840318741,
      -56.92447416980366,
      -57.28642809657864,
      -57.64705070772615,
      -58.01841705042318,
      -58.376729145432165,
      -58.72858649118604,
      -59.08571074765352,
      -59.44836737527567,
      -59.8110285281075,
      -60.173838349143026,
      -60.53644278171416,
      -60.88732889570919,
      -61.253805973390115,
      -61.606703041958404,
      -61.97341466419146,
      -62.33707268782478,
      -62.70056729565765,
      -63.070057730257346,
      -63.41565672149051,
      -63.774640758378965,
      -64.14270008307724,
      -64.50503992606454,
      -64.86363063661773,
      -65.2210337021768,
      -65.58073218372719,
      -65.93883385449885,
      -66.3006463966658,
      -66.65676875145759,
      -67.0228342054778,
      -67.3779558348029,
      -67.73648594071057,
      -68.10087759055286,
      -68.46853368278006,
      -68.8260408301591,
      -69.18985083845055,
      -69.54682050953684,
      -69.90245604585228,
      -70.24864226330921,
      -70.62867918653653,
      -70.99889111882551,
      -71.3572416951095,
      -71.70650202996066,
      -72.06211145836977,
      -72.41850008692947,
      -72.78108079596262,
      -73.14102017923817,
      -73.49740339279279,
      -73.86398162922401,
      -74.23423202808628,
      -74.60467126674428,
      -74.9662466597479,
      -75.31934443016176,
      -75.69357187378658,
      -76.06185153471306,
      -76.4241171829406,
      -76.78325355069988,
      -77.15011242680879,
      -77.51729245863737,
      -77.87684122392855,
      -78.24503900858677,
      -78.61801587170044,
      -78.99085435405313,
      -79.36242409953029,
      -79.7454840311828,
      -80.12143966686793,
      -80.48814888226049,
      -80.85045385017908,
      -81.22879756484795,
      -81.60133592048737,
      -81.96686883524924,
      -82.34856533583981,
      -82.72781380928976,
      -83.11212845567255,
      -83.49062573152366,
      -83.87592580720343,
      -84.25989314569911,
      -84.65112789029475,
      -85.05035261478476,
      -85.43310080662492,
      -85.83073967515423,
      -86.22098956907622,
      -86.6226802983571,
      -87.03883961278518,
      -87.44925250287622,
      -87.87145130179445,
      -88.30650447026258,
      -88.74244487551087,
      -89.18356984631627,
      -89.63211135615438,
      -90.0907180353491,
      -90.55875381911338,
      -91.05269385456862,
      -91.54569974056544,
      -92.0524846179394,
      -92.61000081584069,
      -93.16584284865212,
      -93.74974855894878,
      -94.38696937553945,
      -95.05522905847803,
      -95.77363718320244,
      -96.55255579474444,
      -97.40268228477376,
      -98.39425818296128,
      -99.52742655323496,
      -100.96453007808249,
      -102.9215300666229,
      -106.20587457123872,
      -156.06103157429132
    ]
  }
}