{
  "version": "0.3.0",
  "mode": "stochastic",
  "seed": 202,
  "params": {
    "mode": "stochastic",
    "length": 120.0,
    "sr": 12000,
    "channels": 2,
    "seed": 202,
    "rt60": 70.0,
    "rt60_low": null,
    "rt60_high": null,
    "damping": 0.45,
    "lowcut": null,
    "highcut": null,
    "tilt": 0.0,
    "normalize": "peak",
    "peak_dbfs": -1.0,
    "target_lufs": null,
    "true_peak": true,
    "er_count": 24,
    "er_max_delay_ms": 90.0,
    "er_decay_shape": "exp",
    "er_stereo_width": 1.0,
    "er_room": 1.0,
    "diffusion": 0.6,
    "mod_depth_ms": 1.5,
    "mod_rate_hz": 0.12,
    "density": 1.1,
    "tuning": "A4=440",
    "modal_count": 48,
    "modal_q_min": 5.0,
    "modal_q_max": 60.0,
    "modal_spread_cents": 5.0,
    "modal_low_hz": 80.0,
    "modal_high_hz": 12000.0,
    "fdn_lines": 8,
    "fdn_matrix": "hadamard",
    "fdn_stereo_inject": 1.0
  },
  "metrics": {
    "duration_seconds": 120.0,
    "peak_dbfs": -1.0000002900227403,
    "rms_dbfs": -27.779671375796298,
    "rt60_estimate_seconds": 210.59597124493848,
    "early_late_ratio_db": -18.156932670467686,
    "stereo_coherence": 0.00927950110629975,
    "decay_curve_db": [
      0.0,
      -0.4146964664866748,
      -0.8178400781985162,
      -1.2248783515963768,
      -1.6137541091810466,
      -2.0118081569250306,
      -2.4421759026984398,
      -2.8610168433526946,
      -3.275015750917396,
      -3.6844269382355628,
      -4.086009611896262,
      -4.528325462581933,
      -4.931624790108447,
      -5.34494347519796,
      -5.743672501763325,
      -6.142094584272744,
      -6.570159989717162,
      -6.938534433864442,
      -7.345383938429093,
      -7.724149554897934,
      -8.113294176560986,
      -8.541363880640011,
      -8.936486224807407,
      -9.358994587713648,
      -9.781041880259988,
      -10.163568917904225,
      -10.561037251273032,
      -10.966673246312892,
      -11.361615969400363,
      -11.7563293963019,
      -12.150979049843805,
      -12.568189274821432,
      -12.975766152846209,
      -13.404297708745151,
      -13.835258544973858,
      -14.21499003175449,
      -14.603738923807619,
      -15.01442422290711,
      -15.398665734795552,
      -15.770472040297186,
      -16.189034716623937,
      -16.595917596929343,
      -17.010536178384953,
      -17.392551562385044,
      -17.774584884489762,
      -18.172432018196282,
      -18.58307095938352,
      -18.978672391426187,
      -19.349881509293738,
      -19.752420116858293,
      -20.17504089695928,
      -20.585607390549804,
      -20.984872582000044,
      -21.39402255659126,
      -21.811162017362843,
      -22.20122982707172,
      -22.614653801991658,
      -22.990501410680015,
      -23.39688009852832,
      -23.829472855968227,
      -24.241028738475254,
      -24.680081758510003,
      -25.059048045963973,
      -25.455093841190607,
      -25.861894889060025,
      -26.24710342863073,
      -26.648526270099335,
      -27.052768997535107,
      -27.46713554553186,
      -27.85010097967283,
      -28.263615488712244,
      -28.6646733893885,
      -29.069636156759234,
      -29.47569833955341,
      -29.88821597595752,
      -30.278811680672657,
      -30.688524791501067,
      -31.086301956543917,
      -31.454494275340977,
      -31.86815450486766,
      -32.26757095031043,
      -32.691433491014415,
      -33.08041399193737,
      -33.472090795849326,
      -33.86554840257531,
      -34.29918799853003,
      -34.72254207365039,
      -35.130071852089024,
      -35.542079615694796,
      -35.934915280609864,
      -36.3465910501047,
      -36.76678326175076,
      -37.13398719848228,
      -37.548522021793325,
      -37.94541727320218,
      -38.35183516182528,
      -38.75066657839018,
      -39.1678766786013,
      -39.57247377400236,
      -39.99584819160169,
      -40.40568310524992,
      -40.808136913281814,
      -41.17883021235045,
      -41.607121880618934,
      -42.02185177784753,
      -42.42191292284112,
      -42.82359215639318,
      -43.190974012371875,
      -43.61352277083186,
      -44.00765333727225,
      -44.40479835010822,
      -44.78436800130417,
      -45.216211510182646,
      -45.607025365631955,
      -46.03346761327197,
      -46.43178865101339,
      -46.80993108526778,
      -47.2398574937494,
      -47.62240060031311,
      -48.04867534729844,
      -48.466027600606495,
      -48.86478975916103,
      -49.28401058134712,
      -49.69801920433042,
      -50.10052415597591,
      -50.4951887476044,
      -50.903450796090695,
      -51.31129751630588,
      -51.69482753200629,
      -52.091206528074004,
      -52.51778111519853,
      -52.93136216051454,
      -53.34325818606807,
      -53.74855947691198,
      -54.16588159909111,
      -54.57260383947105,
      -54.96099554137112,
      -55.359549899659235,
      -55.7763322240422,
      -56.18832337912944,
      -56.569521735468044,
      -56.954267663078085,
      -57.38507604791244,
      -57.73388488260183,
      -58.158136458416024,
      -58.56549714352086,
      -58.95378074030411,
      -59.33661052809281,
      -59.73898185248774,
      -60.1424338515657,
      -60.54548973317334,
      -60.97277582070765,
      -61.35901232843467,
      -61.745124964706754,
      -62.14541729902204,
      -62.54115230729027,
      -62.97147817005609,
      -63.36199830609941,
      -63.796954847835885,
      -64.20350020029312,
      -64.64431339471045,
      -65.04431629163203,
      -65.45766927451739,
      -65.86360362565146,
      -66.24761740027216,
      -66.62548152907324,
      -67.0170271065094,
      -67.43061405406853,
      -67.83803649735528,
      -68.23957751489917,
      -68.65178524064754,
      -69.04545794954711,
      -69.46283747763209,
      -69.86101480656636,
      -70.26439721444171,
      -70.67595191970129,
      -71.08311581600697,
      -71.48866298445364,
      -71.89347951425621,
      -72.31522872733802,
      -72.70952868612622,
      -73.09305249573484,
      -73.48384116218777,
      -73.90442982730731,
      -74.32430194389178,
      -74.7324425257001,
      -75.11022583835292,
      -75.50819325625748,
      -75.93612109044828,
      -76.35375046391032,
      -76.73094239548068,
      -77.1257032961828,
      -77.5087799205178,
      -77.91305126418008,
      -78.3116193042485,
      -78.72891617425421,
      -79.12948869556897,
      -79.53969335333451,
      -79.93771609474118,
      -80.35235928295324,
      -80.74347298146733,
      -81.16343243245711,
      -81.56800742670396,
      -81.9955192592594,
      -82.41700562230918,
      -82.82199505042774,
      -83.25494142244472,
      -83.64503134067483,
      -84.04478814501586,
      -84.42187471868414,
      -84.81748962989558,
      -85.2277718725885,
      -85.63288514094029,
      -86.0382811613502,
      -86.44000309703546,
      -86.86413467585469,
      -87.26902400330034,
      -87.69528749497755,
      -88.08735829752023,
      -88.54625113096387,
      -88.95485678487353,
      -89.38260669208994,
      -89.80600434441924,
      -90.23408592952325,
      -90.64130214900794,
      -91.04577492224922,
      -91.47518118502786,
      -91.92998578023878,
      -92.35841866341978,
      -92.79871273768913,
      -93.26275411710107,
      -93.71120534763654,
      -94.18010827418794,
      -94.63732818491019,
      -95.1009673825044,
      -95.56381971292186,
      -96.01583255273582,
      -96.51764897560552,
      -97.03044937963442,
      -97.51838470476734,
      -98.07142684486145,
      -98.61388634093173,
      -99.1745541031027,
      -99.780374135898,
      -100.39463168861653,
      -101.02605133426692,
      -101.67464286962947,
      -102.37161422886798,
      -103.20407619395021,
      -104.0826475404043,
      -105.05986312805572,
      -106.26186918057061,
      -107.7403586022318,
      -109.74977124253498,
      -113.00268896324945,
      -153.1579378898215
    ]
  }
}